{"cameraMode":{"drawMode":0,"name":"Shaded","section":"Shading Mode"},"sceneLighting":false,"audioPlay":false,"sceneViewState":{"showFog":true,"showMaterialUpdate":false,"showSkybox":true,"showFlares":true,"showImageEffects":true,"showParticleSystems":true},"in2DMode":false,"pivot":{"x":-17.77718734741211,"y":7.254547119140625,"z":82.67892456054688},"rotation":{"x":0.34474796056747439,"y":-0.6542750597000122,"z":0.4534107446670532,"w":0.4975050985813141},"size":44.49284744262695,"orthographic":false}