{"cameraMode":{"drawMode":0,"name":"Shaded","section":"Shading Mode"},"sceneLighting":true,"audioPlay":false,"sceneViewState":{"showFog":true,"showMaterialUpdate":false,"showSkybox":true,"showFlares":true,"showImageEffects":true,"showParticleSystems":true},"in2DMode":false,"pivot":{"x":-53.29831314086914,"y":27.296405792236329,"z":-6.997306823730469},"rotation":{"x":0.027081184089183809,"y":0.5102731585502625,"z":-0.016078893095254899,"w":0.8594371676445007},"size":25.784727096557618,"orthographic":false}